publication_date,job_type,job,company,city,state/country
2025-07-16,external,Sales Associate - Employee Discounts,Country Fair,New Castle,PA
2025-07-22,external,Border Patrol Agent,United States Customs and Border Protection,Payson,AZ
2025-03-10,external,Sr Software Engineer,Disney,Glendale,CA
2025-05-14,external,Property Manager,Equity Lifestyle Properties,Lakehills,TX
2025-07-22,external,"Law Enforcement - Border Patrol Agent, Up to $30,000 Recruitment Incentive",United States Customs and Border Protection,Surprise,AZ
2025-07-22,external,Elliot Health Systems - Occupational Therapist - Pathways - Per Diem,Elliot Health System,Manchester,NH
2025-07-22,external,Office LPN,Childrens Hospital Of The Kings Daughter,Chesapeake,VA
2025-07-22,external,"Senior International Tax Analyst - Hybrid, Charlotte, NC",GXO Logistics,Charlotte,NC
2025-04-17,external,Lead Cybersecurity Detection Engineer,Cox Automotive,Decatur,GA
2025-03-10,external,"Canada Golf Sales Manager, Irrigation - The Toro Company",The Toro Company,Toronto,Canada
2025-06-20,external,Drive with Lyft - Signing up is Easy,Lyft,Las Vegas,NV
2025-07-20,external,RN Case Manager,Research Medical Center,Lenexa,KS
2025-03-03,external,Home Health LVN or RN,Thrive Skilled Pediatric Care,San Antonio,TX
2025-05-17,external,DashMart Team Member - East Memphis,DoorDash,Memphis,TN
2025-04-17,external,Electrical Engineer,Lincoln Electric,Beachwood,OH
2025-06-20,external,"Drivers wanted - Great alternative to part-time, full-time and seasonal work",Lyft,Roanoke,VA
2025-07-20,external,Account Executive - Hospice Sales,Agape Care Group,Norman,OK
2025-07-17,external,Financial Solutions Advisor - Central Long Island Market,Bank of America,Deer Park,NY
2025-07-17,external,Financial Solutions Advisor - Central Long Island Market,Bank of America,Huntington Station,NY
2025-07-17,external,Financial Solutions Advisor - Central Long Island Market,Bank of America,Manhasset,NY
2025-07-21,external,Operating Engineer - Critical Environments,"*US AMR-Jones Lang LaSalle Americas, Inc.",Buffalo,NY
2025-06-02,external,Social Media Content Moderator - Portuguese Bilingual - Onsite,Teleperformance USA,Fort Pierce,FL
